id;date;wind_speed_mps;temperature_c;relative_humidity_pct;pressure_hpa
1;2023-01-05;3.10;27.90;72.60;2005.50
2;2023-01-06;4.80;28.40;77.20;1012.10
3;2023-01-07;3.60;31.70;71.80;999.10
4;2023-01-08;3.20;31.10;70.10;1012.20
5;2023-01-09;0.30;27.60;73.80;993.80
6;2023-01-10;3.90;29.60;73.70;1009.80
7;2023-01-11;4.40;29.50;81.40;1012.60
8;2023-01-12;5.10;29.90;78.10;1013.20
9;2023-01-13;3.50;27.60;71.90;995.10
10;2023-01-14;2.70;30.10;78.10;994.50
11;2023-01-15;4.50;26.10;76.20;1007.30
12;2023-01-16;4.10;32.10;70.90;1023.10
13;2023-01-17;5.10;27.20;73.10;1010.30
14;2023-01-18;6.70;32.90;85.10;996.50
15;2023-01-19;2.60;30.10;84.50;997.60
16;2023-01-20;3.70;29.90;84.60;1004.50
17;2023-01-21;7.90;29.90;92.60;1004.10
18;2023-01-22;4.60;24.30;81.90;1025.40
19;2023-01-23;6.50;29.60;83.20;1017.80
20;2023-01-24;5.30;29.80;64.80;1017.10
21;2023-01-25;3.20;28.60;74.90;1005.30
22;2023-01-26;2.20;32.40;76.50;1010.80
23;2023-01-27;5.50;27.40;76.40;1011.60
24;2023-01-28;6.80;29.70;70.40;994.20
25;2023-01-29;4.40;28.70;71.50;992.70
26;2023-01-30;2.10;29.50;84.20;1012.30
27;2023-01-31;2.30;30.50;70.60;1012.50
28;2023-02-01;6.40;26.30;78.70;1012.80
29;2023-02-02;4.20;30.20;74.80;1002.60
30;2023-02-03;2.90;28.60;76.80;1011.60
31;2023-02-04;6.80;28.40;84.40;981.60
32;2023-02-05;5.50;31.90;85.30;1002.40
33;2023-02-06;6.60;28.50;85.70;1011.10
34;2023-02-07;0.70;26.90;94.80;1014.90
35;2023-02-08;5.10;22.10;73.30;1006.40
36;2023-02-09;4.20;27.60;66.60;997.30
37;2023-02-10;2.80;26.90;72.60;1028.30
38;2023-02-11;3.20;27.40;72.60;1025.80
39;2023-02-12;2.20;29.60;73.70;984.60
40;2023-02-13;3.40;26.60;80.10;1000.30
41;2023-02-14;5.80;31.60;81.30;980.30
42;2023-02-15;3.40;29.60;68.40;1009.40
43;2023-02-16;0.40;30.60;81.20;1007.50
44;2023-02-17;1.20;29.70;71.90;1021.10
45;2023-02-18;4.50;29.90;83.20;1010.20
46;2023-02-19;5.90;26.80;70.50;995.30
47;2023-02-20;3.70;23.70;86.50;997.30
48;2023-02-21;0.50;27.40;87.80;1005.10
49;2023-02-22;2.70;30.80;80.10;996.80
50;2023-02-23;4.30;27.70;70.70;1004.70
51;2023-02-24;3.30;23.10;79.80;1011.50
52;2023-02-25;3.50;30.80;80.10;1017.80
53;2023-02-26;3.10;33.20;73.80;1007.60
54;2023-02-27;0.10;27.40;69.50;994.10
55;2023-02-28;3.70;27.50;92.30;1014.70
56;2023-03-01;8.90;24.70;77.10;1013.20
57;2023-03-02;4.10;23.60;67.20;1003.10
58;2023-03-03;4.30;24.40;78.60;1003.90
59;2023-03-04;3.20;21.40;66.10;988.30
60;2023-03-05;5.20;16.10;64.40;1013.60
61;2023-03-06;9.50;18.40;61.80;1019.20
62;2023-03-07;6.30;23.20;60.90;1001.20
63;2023-03-08;7.10;22.80;60.30;1006.40
64;2023-03-09;3.50;20.60;66.10;1019.80
65;2023-03-10;7.20;23.40;57.90;1009.90
66;2023-03-11;5.20;21.30;65.70;986.30
67;2023-03-12;7.90;20.20;63.90;1004.40
68;2023-03-13;4.30;24.10;71.50;1015.60
69;2023-03-14;4.70;20.40;62.20;998.10
70;2023-03-15;7.60;24.40;62.70;1013.20
71;2023-03-16;6.60;24.30;57.30;1006.30
72;2023-03-17;6.80;22.20;68.50;995.10
73;2023-03-18;6.90;23.30;54.70;1007.40
74;2023-03-19;6.20;20.30;68.80;998.60
75;2023-03-20;4.50;21.50;62.10;1015.50
76;2023-03-21;6.60;20.70;59.90;1006.40
77;2023-03-22;5.50;21.50;64.10;1015.60
78;2023-03-23;6.50;24.40;60.60;1001.70
79;2023-03-24;3.40;23.10;63.80;1021.30
80;2023-03-25;4.70;20.30;66.20;1007.10
81;2023-03-26;4.40;21.50;60.70;1009.20
82;2023-03-27;3.20;23.40;61.40;982.60
83;2023-03-28;5.70;22.60;71.10;1020.70
84;2023-03-29;5.50;22.60;63.10;1025.90
85;2023-03-30;6.80;24.70;53.60;992.70
86;2023-03-31;4.40;21.80;62.70;1006.10
87;2023-04-01;6.90;15.40;50.40;1017.90
88;2023-04-02;6.50;19.50;55.20;974.40
89;2023-04-03;5.40;18.90;75.60;1001.30
90;2023-04-04;5.70;17.70;67.70;998.10
91;2023-04-05;8.70;14.50;56.40;993.30
92;2023-04-06;2.10;18.50;58.50;1012.60
93;2023-04-07;7.20;19.50;65.30;994.30
94;2023-04-08;5.50;18.70;63.90;999.30
95;2023-04-09;6.50;17.20;70.40;1018.50
96;2023-04-10;4.10;16.50;54.50;1021.90
97;2023-04-11;4.60;17.40;59.70;1004.30
98;2023-04-12;5.70;21.10;72.30;1003.20
99;2023-04-13;5.50;18.70;63.60;1007.70
100;2023-04-14;5.90;19.60;66.70;979.50
101;2023-04-15;4.70;18.10;57.90;998.80
102;2023-04-16;3.70;17.40;63.30;1010.90
103;2023-04-17;6.40;17.20;67.60;1010.30
104;2023-04-18;7.70;21.50;69.10;1001.80
105;2023-04-19;5.10;16.90;51.90;1004.40
106;2023-04-20;6.70;15.90;62.40;1015.70
107;2023-04-21;4.40;17.90;57.10;1005.80
108;2023-04-22;6.70;21.60;64.20;992.40
109;2023-04-23;4.80;13.60;49.60;1001.40
110;2023-04-24;7.90;17.80;55.50;1007.90
111;2023-04-25;7.90;17.70;71.40;1000.50
112;2023-04-26;6.90;16.30;52.70;1013.70
113;2023-04-27;8.70;21.10;60.80;998.20
114;2023-04-28;4.90;16.30;65.20;992.40
115;2023-04-29;6.40;13.20;60.60;996.90
116;2023-04-30;7.60;16.10;62.40;1007.40
117;2023-05-01;5.10;17.80;52.70;999.30
118;2023-05-02;4.60;13.30;50.60;1013.80
119;2023-05-03;8.90;13.50;71.70;996.40
120;2023-05-04;4.80;16.50;59.50;986.30
121;2023-05-05;3.30;12.20;54.90;1014.60
122;2023-05-06;6.40;13.90;61.30;1004.80
123;2023-05-07;7.90;16.40;46.20;1006.30
124;2023-05-08;4.30;14.50;44.30;995.40
125;2023-05-09;7.60;16.10;50.30;1006.10
126;2023-05-10;9.60;16.40;59.90;998.90
127;2023-05-11;5.80;16.70;51.20;1000.90
128;2023-05-12;4.40;15.60;61.20;997.70
129;2023-05-13;6.50;20.20;52.30;1000.20
130;2023-05-14;4.10;15.80;56.40;1012.10
131;2023-05-15;5.70;15.40;61.40;1011.50
132;2023-05-16;8.50;14.10;46.80;1004.60
133;2023-05-17;5.70;15.50;58.10;1005.10
134;2023-05-18;6.20;14.20;66.40;997.50
135;2023-05-19;4.60;12.30;57.40;1005.30
136;2023-05-20;5.40;11.20;56.60;981.90
137;2023-05-21;3.80;15.40;50.90;987.70
138;2023-05-22;8.90;13.10;56.80;1021.30
139;2023-05-23;5.10;13.20;55.10;1013.20
140;2023-05-24;5.90;12.60;59.60;1014.30
141;2023-05-25;5.10;16.90;42.40;986.80
142;2023-05-26;4.20;13.60;53.40;996.80
143;2023-05-27;2.50;14.50;49.80;1015.30
144;2023-05-28;4.20;14.70;48.90;1009.50
145;2023-05-29;4.60;13.70;57.40;1013.60
146;2023-05-30;6.10;15.90;57.10;1009.70
147;2023-05-31;6.10;14.30;65.80;1013.20
148;2023-06-01;7.60;13.80;51.40;1010.80
149;2023-06-02;6.40;11.80;54.90;1013.70
150;2023-06-03;9.10;11.70;54.90;1005.90
151;2023-06-04;8.50;13.60;51.60;1005.10
152;2023-06-05;9.20;9.50;37.70;997.10
153;2023-06-06;7.20;12.80;41.60;1005.50
154;2023-06-07;8.20;13.10;46.40;976.90
155;2023-06-08;7.70;14.70;37.60;976.80
156;2023-06-09;8.70;13.40;53.70;1001.70
157;2023-06-10;9.80;12.10;49.60;995.20
158;2023-06-11;10.60;10.30;50.10;1010.10
159;2023-06-12;11.20;13.70;49.90;1004.30
160;2023-06-13;7.50;13.20;43.10;995.30
161;2023-06-14;6.10;6.80;47.10;1004.80
162;2023-06-15;8.40;13.30;49.10;1002.40
163;2023-06-16;11.10;12.80;46.70;995.10
164;2023-06-17;11.90;11.20;56.40;988.70
165;2023-06-18;9.30;11.60;47.40;1013.30
166;2023-06-19;8.80;10.30;43.70;1000.10
167;2023-06-20;12.20;10.70;57.30;1004.50
168;2023-06-21;7.10;8.60;50.90;1000.90
169;2023-06-22;8.80;11.90;60.60;1010.70
170;2023-06-23;7.40;8.60;52.60;1002.40
171;2023-06-24;9.10;13.30;55.50;1027.60
172;2023-06-25;9.30;13.40;52.40;989.50
173;2023-06-26;5.40;13.50;40.50;1010.70
174;2023-06-27;10.30;11.60;54.20;1024.90
175;2023-06-28;8.80;10.40;55.30;1021.40
176;2023-06-29;9.70;7.20;54.60;995.10
177;2023-06-30;8.20;14.90;42.70;1007.80
178;2023-07-01;11.10;10.10;48.50;1012.70
179;2023-07-02;10.40;10.40;52.50;1011.40
180;2023-07-03;9.30;10.70;53.50;997.30
181;2023-07-04;8.40;7.90;49.60;996.60
182;2023-07-05;10.60;9.50;49.20;1004.10
183;2023-07-06;8.90;8.40;61.20;991.70
184;2023-07-07;7.60;9.70;51.10;1013.30
185;2023-07-08;12.50;14.10;64.90;998.30
186;2023-07-09;8.90;9.60;49.30;1003.10
187;2023-07-10;10.90;7.50;61.90;1004.30
188;2023-07-11;8.30;12.70;44.60;1013.40
189;2023-07-12;11.10;7.40;53.10;1004.50
190;2023-07-13;8.20;9.80;51.10;1000.30
191;2023-07-14;11.40;11.30;43.20;1017.40
192;2023-07-15;11.50;8.10;57.40;1004.50
193;2023-07-16;6.50;8.70;58.30;1005.10
194;2023-07-17;7.80;10.90;53.20;979.90
195;2023-07-18;9.60;6.20;50.60;982.90
196;2023-07-19;12.30;12.10;64.40;984.50
197;2023-07-20;9.90;13.40;59.80;1026.50
198;2023-07-21;11.90;10.50;57.80;991.30
199;2023-07-22;7.80;6.50;56.30;1003.60
200;2023-07-23;8.30;9.70;53.30;999.30
201;2023-07-24;9.10;9.10;62.50;996.20
202;2023-07-25;12.20;11.50;52.10;994.10
203;2023-07-26;5.40;8.20;55.70;1006.80
204;2023-07-27;9.20;12.30;60.90;1016.40
205;2023-07-28;8.50;4.10;46.90;996.70
206;2023-07-29;10.60;10.90;59.60;997.70
207;2023-07-30;12.10;6.10;58.70;1037.40
208;2023-07-31;8.70;8.80;66.50;1014.10
209;2023-08-01;8.30;15.90;62.10;1007.80
210;2023-08-02;7.40;11.90;54.10;981.20
211;2023-08-03;9.60;8.50;58.60;999.60
212;2023-08-04;8.40;13.70;45.80;993.60
213;2023-08-05;7.20;15.20;60.10;1006.20
214;2023-08-06;9.60;10.50;53.30;1018.60
215;2023-08-07;9.60;9.20;58.60;1005.90
216;2023-08-08;7.10;9.30;48.80;1010.30
217;2023-08-09;10.70;12.20;50.20;1012.50
218;2023-08-10;8.70;15.50;55.10;1007.80
219;2023-08-11;11.20;12.60;54.90;983.10
220;2023-08-12;11.50;11.30;51.30;1003.30
221;2023-08-13;10.50;12.30;61.60;995.50
222;2023-08-14;8.70;10.10;55.20;1006.30
223;2023-08-15;8.70;11.80;52.30;1023.80
224;2023-08-16;8.40;13.40;62.30;1000.30
225;2023-08-17;7.60;12.60;68.50;1012.30
226;2023-08-18;9.40;11.90;55.70;1005.60
227;2023-08-19;8.40;16.50;57.50;1024.60
228;2023-08-20;10.80;13.60;61.80;1013.90
229;2023-08-21;9.30;12.70;63.90;1011.10
230;2023-08-22;9.50;11.60;65.80;1015.70
231;2023-08-23;8.30;11.30;52.60;1013.30
232;2023-08-24;7.50;10.40;54.30;999.40
233;2023-08-25;9.80;10.60;63.90;1011.70
234;2023-08-26;8.70;10.20;64.70;1004.20
235;2023-08-27;6.70;12.20;70.30;983.70
236;2023-08-28;9.30;10.10;52.90;994.30
237;2023-08-29;9.30;11.50;62.20;1007.10
238;2023-08-30;8.60;12.40;56.30;1002.10
239;2023-08-31;7.90;11.40;55.10;1015.50
240;2023-09-01;8.10;15.40;60.30;993.10
241;2023-09-02;7.30;17.60;62.30;1021.70
242;2023-09-03;6.30;17.60;62.50;993.20
243;2023-09-04;6.20;16.10;63.80;991.20
244;2023-09-05;9.70;13.20;63.50;1020.80
245;2023-09-06;8.60;15.80;67.40;1019.40
246;2023-09-07;7.90;15.40;59.10;1013.40
247;2023-09-08;5.50;17.10;67.10;999.80
248;2023-09-09;8.40;17.20;59.80;1021.50
249;2023-09-10;7.90;12.50;71.80;998.10
250;2023-09-11;5.50;17.90;66.10;1019.30
251;2023-09-12;9.20;15.50;45.70;1007.90
252;2023-09-13;3.50;17.40;60.90;995.20
253;2023-09-14;6.50;10.90;64.10;1019.70
254;2023-09-15;10.40;17.40;67.10;1027.70
255;2023-09-16;8.10;18.40;70.20;1023.90
256;2023-09-17;6.40;17.50;66.10;1017.90
257;2023-09-18;7.90;15.70;74.40;1011.80
258;2023-09-19;8.60;14.10;86.60;1010.10
259;2023-09-20;6.40;17.60;72.90;992.20
260;2023-09-21;8.80;18.80;67.80;991.10
261;2023-09-22;5.10;16.90;71.40;995.90
262;2023-09-23;10.90;12.40;57.80;1015.70
263;2023-09-24;7.50;15.60;54.80;1004.20
264;2023-09-25;7.40;15.70;60.40;1013.30
265;2023-09-26;9.10;17.40;72.40;998.20
266;2023-09-27;7.30;15.50;59.20;1008.90
267;2023-09-28;7.20;17.30;61.90;991.70
268;2023-09-29;7.50;15.90;70.90;1007.20
269;2023-09-30;6.20;17.90;63.50;987.90
270;2023-10-01;7.20;18.50;58.30;1005.20
271;2023-10-02;5.80;15.90;67.40;1004.30
272;2023-10-03;6.90;18.40;67.50;1009.10
273;2023-10-04;2.60;21.10;73.30;1015.50
274;2023-10-05;5.70;22.70;73.20;1000.90
275;2023-10-06;6.30;19.40;64.20;1000.70
276;2023-10-07;7.60;16.90;79.60;1002.80
277;2023-10-08;6.70;21.80;79.80;1010.50
278;2023-10-09;5.60;22.90;75.60;1005.60
279;2023-10-10;5.50;17.30;66.60;1005.30
280;2023-10-11;6.10;23.70;61.90;1008.40
281;2023-10-12;7.90;22.20;77.60;1013.10
282;2023-10-13;3.20;22.90;68.20;1001.40
283;2023-10-14;5.80;22.20;73.80;995.50
284;2023-10-15;9.40;21.60;74.10;989.70
285;2023-10-16;5.50;16.60;63.90;982.40
286;2023-10-17;4.60;22.80;79.60;1017.60
287;2023-10-18;10.60;16.20;72.80;1013.40
288;2023-10-19;5.90;22.60;54.90;989.50
289;2023-10-20;5.30;22.50;81.60;1011.10
290;2023-10-21;3.40;22.90;62.50;994.80
291;2023-10-22;5.90;20.30;69.50;1004.80
292;2023-10-23;7.10;21.60;57.60;987.50
293;2023-10-24;3.90;20.60;82.40;1028.10
294;2023-10-25;6.90;21.30;70.20;1005.20
295;2023-10-26;8.10;19.20;79.80;990.10
296;2023-10-27;3.80;20.30;68.80;1006.50
297;2023-10-28;8.20;19.90;68.40;984.50
298;2023-10-29;6.30;18.20;77.50;1015.40
299;2023-10-30;8.50;20.60;62.20;1013.70
300;2023-10-31;6.80;21.50;78.20;1000.80
301;2023-11-01;5.90;26.30;56.30;1010.70
302;2023-11-02;5.50;24.80;89.40;1003.30
303;2023-11-03;5.50;25.20;74.80;977.50
304;2023-11-04;5.30;24.30;75.90;998.50
305;2023-11-05;3.30;24.30;74.10;997.70
306;2023-11-06;5.90;22.80;78.30;1009.20
307;2023-11-07;3.50;22.40;80.50;1025.10
308;2023-11-08;5.30;23.40;73.90;1015.80
309;2023-11-09;3.20;25.30;69.60;989.10
310;2023-11-10;3.30;23.40;80.20;1006.50
311;2023-11-11;5.20;24.20;69.70;997.30
312;2023-11-12;5.50;27.10;71.60;1018.10
313;2023-11-13;3.50;24.90;71.80;1012.20
314;2023-11-14;6.70;22.80;68.20;1015.70
315;2023-11-15;3.10;25.80;76.80;994.50
316;2023-11-16;9.50;26.90;74.60;989.10
317;2023-11-17;3.30;22.30;71.80;1006.10
318;2023-11-18;5.70;28.50;76.30;1004.20
319;2023-11-19;2.40;23.60;77.50;994.50
320;2023-11-20;3.40;25.30;76.50;1023.40
321;2023-11-21;4.60;24.40;69.30;1001.10
322;2023-11-22;7.20;22.60;73.40;1022.30
323;2023-11-23;3.50;23.90;74.50;1005.30
324;2023-11-24;6.90;25.60;67.40;1011.70
325;2023-11-25;5.20;23.50;82.10;1000.20
326;2023-11-26;3.70;24.20;76.60;1011.90
327;2023-11-27;3.60;21.80;85.80;997.90
328;2023-11-28;6.90;25.60;78.60;994.80
329;2023-11-29;4.60;22.20;82.30;1003.10
330;2023-11-30;6.60;25.20;77.50;1002.40
331;2023-12-01;4.80;28.20;77.50;983.80
332;2023-12-02;3.90;24.80;64.40;979.90
333;2023-12-03;4.90;30.80;65.20;1010.80
334;2023-12-04;3.70;28.90;78.80;1001.30
335;2023-12-05;4.30;26.80;80.70;1007.80
336;2023-12-06;2.50;29.50;66.40;983.80
337;2023-12-07;3.80;31.70;79.20;992.40
338;2023-12-08;4.20;25.20;79.20;1003.60
339;2023-12-09;0.10;33.70;88.50;989.70
340;2023-12-10;3.70;30.20;81.50;1004.20
341;2023-12-11;4.50;24.10;78.80;999.50
342;2023-12-12;5.70;28.10;74.50;1006.90
343;2023-12-13;2.30;27.10;77.10;1001.80
344;2023-12-14;1.90;28.30;70.70;999.70
345;2023-12-15;3.40;26.50;67.20;1008.70
346;2023-12-16;2.70;28.40;71.30;1005.50
347;2023-12-17;4.40;25.80;82.80;1011.30
348;2023-12-18;2.60;30.70;80.50;1012.80
349;2023-12-19;3.10;27.10;72.30;1009.60
350;2023-12-20;1.80;28.40;77.70;999.10
351;2023-12-21;2.90;28.40;65.80;1005.40
352;2023-12-22;4.40;22.90;77.90;1018.10
353;2023-12-23;1.60;30.90;67.90;1003.10
354;2023-12-24;4.50;25.80;72.70;1013.20
355;2023-12-25;1.60;26.70;67.10;1013.80
356;2023-12-26;0.80;28.30;74.10;1017.60
357;2023-12-27;4.50;30.30;71.70;992.50
358;2023-12-28;5.20;29.40;83.40;1025.30
359;2023-12-29;5.20;25.40;73.60;999.60
360;2023-12-30;6.60;29.80;68.80;1005.40
361;2023-12-31;5.30;30.60;73.90;1004.50
362;2024-01-01;2.50;28.50;70.60;1014.40
363;2024-01-02;4.30;25.40;82.50;963.80
364;2024-01-03;5.50;27.10;79.30;999.40
365;2024-01-04;3.50;25.20;72.70;1002.60
366;2024-01-05;0.30;27.80;69.40;1001.40
367;2024-01-06;3.60;29.70;82.50;1023.90
368;2024-01-07;3.80;27.40;75.50;1006.60
369;2024-01-08;4.30;26.60;67.80;1019.70
370;2024-01-09;3.30;28.10;74.90;1015.60
371;2024-01-10;4.40;30.70;82.70;1002.10
372;2024-01-11;4.90;31.30;77.20;1007.70
373;2024-01-12;5.60;32.60;72.80;994.40
374;2024-01-13;3.40;30.40;94.70;1000.90
375;2024-01-14;0.30;28.30;81.30;1003.70
376;2024-01-15;7.90;25.70;77.80;1002.40
377;2024-01-16;2.30;28.60;71.50;1004.50
378;2024-01-17;3.70;25.60;68.60;1006.60
379;2024-01-18;3.50;32.60;71.30;984.70
380;2024-01-19;4.80;29.20;92.50;1012.80
381;2024-01-20;2.90;30.70;71.30;987.10
382;2024-01-21;1.10;31.30;92.70;997.80
383;2024-01-22;0.80;26.30;78.40;1016.60
384;2024-01-23;2.40;31.50;91.20;1011.30
385;2024-01-24;3.40;30.90;83.10;1003.60
386;2024-01-25;3.40;30.80;78.60;1012.40
387;2024-01-26;6.10;27.80;84.60;992.80
388;2024-01-27;7.30;30.30;76.80;978.40
389;2024-01-28;4.20;24.70;69.70;1007.70
390;2024-01-29;6.80;26.60;83.30;994.90
391;2024-01-30;4.50;25.50;70.10;1009.10
392;2024-01-31;4.10;33.20;72.30;1021.70
393;2024-02-01;3.90;25.20;79.80;993.60
394;2024-02-02;4.80;23.70;89.30;1025.20
395;2024-02-03;2.40;25.30;92.90;997.90
396;2024-02-04;5.90;28.70;75.30;994.40
397;2024-02-05;2.90;26.60;85.50;1021.50
398;2024-02-06;4.40;28.70;73.30;994.40
399;2024-02-07;2.10;29.90;84.30;976.70
400;2024-02-08;1.70;28.60;90.90;985.50
401;2024-02-09;4.10;27.70;77.50;1010.20
402;2024-02-10;2.70;25.40;94.10;1002.50
403;2024-02-11;1.30;26.40;85.40;1019.40
404;2024-02-12;3.10;26.30;75.80;1010.70
405;2024-02-13;3.90;26.60;76.20;999.10
406;2024-02-14;3.20;30.40;75.90;992.50
407;2024-02-15;3.60;25.20;61.20;1019.90
408;2024-02-16;1.10;28.60;73.70;989.30
409;2024-02-17;2.80;28.70;72.40;1011.10
410;2024-02-18;4.60;28.70;81.80;1015.20
411;2024-02-19;1.10;29.60;73.10;1012.70
412;2024-02-20;2.60;28.10;81.90;1000.40
413;2024-02-21;2.70;29.60;85.90;1012.70
414;2024-02-22;4.90;28.30;82.30;983.60
415;2024-02-23;5.10;27.90;73.30;986.90
416;2024-02-24;5.90;26.90;69.60;1002.10
417;2024-02-25;7.90;27.60;83.50;997.60
418;2024-02-26;7.30;27.90;74.70;996.50
419;2024-02-27;2.30;30.30;71.30;1001.60
420;2024-02-28;3.10;25.40;76.70;991.50
421;2024-02-29;1.70;24.90;75.40;1002.90
422;2024-03-01;5.20;22.40;72.40;1011.60
423;2024-03-02;6.30;24.70;55.90;997.90
424;2024-03-03;3.80;21.90;68.50;1000.80
425;2024-03-04;7.30;21.80;76.20;997.50
426;2024-03-05;3.60;20.40;66.30;1009.80
427;2024-03-06;6.80;21.80;69.30;989.70
428;2024-03-07;4.20;22.50;60.40;1006.10
429;2024-03-08;7.30;23.50;74.10;980.50
430;2024-03-09;3.10;20.60;61.50;981.60
431;2024-03-10;2.80;21.40;53.20;1017.70
432;2024-03-11;6.90;20.40;57.30;1002.70
433;2024-03-12;5.30;23.70;64.20;994.10
434;2024-03-13;6.80;23.40;67.70;1014.20
435;2024-03-14;8.40;20.60;71.70;1002.10
436;2024-03-15;5.30;21.40;73.70;997.30
437;2024-03-16;2.60;21.10;59.90;993.30
438;2024-03-17;5.40;21.50;76.10;998.80
439;2024-03-18;3.70;20.10;71.40;1009.80
440;2024-03-19;6.30;23.80;55.50;1012.70
441;2024-03-20;5.10;20.40;56.40;994.80
442;2024-03-21;6.50;22.10;62.50;1005.90
443;2024-03-22;6.70;23.20;57.60;1006.70
444;2024-03-23;5.20;19.70;58.60;981.70
445;2024-03-24;4.20;21.20;62.20;1008.80
446;2024-03-25;5.10;21.40;75.80;998.40
447;2024-03-26;6.30;19.80;70.10;1002.10
448;2024-03-27;4.70;20.70;65.30;1008.10
449;2024-03-28;3.80;23.20;69.60;995.40
450;2024-03-29;6.50;21.30;77.30;1010.20
451;2024-03-30;5.10;26.90;69.10;1002.10
452;2024-03-31;4.90;24.20;69.10;1014.40
453;2024-04-01;5.10;19.40;66.80;994.70
454;2024-04-02;3.80;16.80;60.90;993.30
455;2024-04-03;4.60;16.90;65.70;1018.40
456;2024-04-04;6.50;15.90;66.30;991.60
457;2024-04-05;5.80;15.70;70.40;1011.70
458;2024-04-06;6.70;23.30;56.20;993.40
459;2024-04-07;5.10;21.30;63.90;986.90
460;2024-04-08;10.60;13.60;56.60;1017.80
461;2024-04-09;5.30;18.50;61.90;1000.60
462;2024-04-10;5.60;18.90;65.80;1005.60
463;2024-04-11;6.50;18.80;53.70;992.50
464;2024-04-12;6.10;22.40;57.80;1017.60
465;2024-04-13;3.90;20.50;55.30;993.70
466;2024-04-14;6.20;13.60;47.70;1004.30
467;2024-04-15;6.80;19.10;57.40;999.20
468;2024-04-16;6.30;17.20;61.60;1009.20
469;2024-04-17;7.70;19.60;60.10;1010.60
470;2024-04-18;6.60;21.10;56.90;979.40
471;2024-04-19;6.20;17.40;60.30;1003.50
472;2024-04-20;9.70;17.40;58.20;1008.80
473;2024-04-21;6.80;19.20;68.40;985.20
474;2024-04-22;4.60;15.30;58.70;1003.80
475;2024-04-23;6.80;15.20;59.80;1012.40
476;2024-04-24;8.50;14.50;58.60;1011.80
477;2024-04-25;7.60;14.10;56.10;1000.80
478;2024-04-26;4.80;19.60;61.10;1002.90
479;2024-04-27;3.20;19.90;57.50;1006.10
480;2024-04-28;4.90;17.10;62.80;1018.10
481;2024-04-29;4.20;15.90;53.20;991.20
482;2024-04-30;5.90;20.80;59.90;1009.80
483;2024-05-01;8.60;15.30;63.30;1002.10
484;2024-05-02;5.10;12.90;53.90;973.50
485;2024-05-03;6.90;14.10;65.30;1008.70
486;2024-05-04;4.90;14.30;52.80;1022.30
487;2024-05-05;6.70;17.60;50.40;999.90
488;2024-05-06;8.20;16.40;48.70;1008.80
489;2024-05-07;5.80;15.30;65.80;999.30
490;2024-05-08;6.60;18.90;57.10;1011.10
491;2024-05-09;5.30;11.90;62.40;1018.30
492;2024-05-10;6.70;14.40;56.30;977.30
493;2024-05-11;6.90;14.90;46.20;1004.40
494;2024-05-12;6.10;14.60;53.50;1022.30
495;2024-05-13;7.40;16.70;53.70;1013.50
496;2024-05-14;3.80;12.80;50.60;993.60
497;2024-05-15;7.50;15.50;61.30;1001.20
498;2024-05-16;7.50;13.60;54.50;997.50
499;2024-05-17;6.40;13.30;55.30;1021.20
500;2024-05-18;5.90;15.90;50.80;1022.60
501;2024-05-19;6.20;13.30;54.70;1027.20
502;2024-05-20;5.50;15.30;54.30;1018.80
503;2024-05-21;6.80;13.40;51.40;1002.30
504;2024-05-22;5.50;16.70;56.40;1004.60
505;2024-05-23;5.20;13.80;49.40;994.30
506;2024-05-24;3.30;14.70;62.20;1015.20
507;2024-05-25;3.70;14.60;70.20;1007.60
508;2024-05-26;4.90;14.10;56.80;1017.70
509;2024-05-27;9.40;13.70;50.70;994.20
510;2024-05-28;8.70;12.30;61.80;1005.60
511;2024-05-29;5.70;14.20;43.20;1016.60
512;2024-05-30;8.60;15.50;46.30;1010.10
513;2024-05-31;4.40;18.40;65.10;1020.10
514;2024-06-01;9.80;9.40;51.80;1016.80
515;2024-06-02;12.80;10.90;48.90;997.10
516;2024-06-03;7.40;12.70;44.90;1011.20
517;2024-06-04;7.60;15.20;53.20;1013.80
518;2024-06-05;7.50;12.40;53.50;981.40
519;2024-06-06;6.80;14.60;47.50;1013.20
520;2024-06-07;8.60;10.90;56.20;993.20
521;2024-06-08;10.40;13.10;57.20;1001.70
522;2024-06-09;7.10;11.20;48.70;1021.60
523;2024-06-10;9.10;12.60;39.20;1004.70
524;2024-06-11;8.60;11.20;56.40;1020.90
525;2024-06-12;8.20;11.90;44.60;988.70
526;2024-06-13;9.50;12.40;48.90;988.60
527;2024-06-14;11.20;11.90;62.40;1021.20
528;2024-06-15;8.10;11.20;49.40;1001.60
529;2024-06-16;6.90;13.40;57.70;1008.30
530;2024-06-17;7.40;17.20;57.30;1011.50
531;2024-06-18;10.40;6.20;44.30;1011.10
532;2024-06-19;8.90;9.60;41.60;1004.50
533;2024-06-20;7.20;13.60;54.90;998.50
534;2024-06-21;7.20;11.90;52.20;995.10
535;2024-06-22;8.80;11.40;45.70;1007.80
536;2024-06-23;10.70;13.40;53.50;995.10
537;2024-06-24;7.10;13.30;35.30;974.20
538;2024-06-25;10.60;10.20;47.80;990.10
539;2024-06-26;11.80;9.10;46.90;1013.50
540;2024-06-27;8.50;9.20;47.80;1010.30
541;2024-06-28;8.80;9.50;43.20;991.30
542;2024-06-29;10.50;12.40;47.10;994.70
543;2024-06-30;9.10;10.10;60.70;1005.90
544;2024-07-01;11.50;9.90;54.90;1012.10
545;2024-07-02;10.50;4.30;65.10;1020.10
546;2024-07-03;8.90;10.50;52.60;989.10
547;2024-07-04;9.80;5.50;55.60;1010.10
548;2024-07-05;9.70;10.10;52.30;1018.30
549;2024-07-06;10.90;8.10;56.90;996.40
550;2024-07-07;8.40;6.80;54.60;991.70
551;2024-07-08;10.60;8.80;57.80;975.50
552;2024-07-09;11.10;9.50;57.20;999.50
553;2024-07-10;11.40;6.20;66.50;1003.80
554;2024-07-11;12.60;17.30;50.10;996.70
555;2024-07-12;7.10;7.40;61.30;975.40
556;2024-07-13;9.80;10.20;48.60;1003.10
557;2024-07-14;11.30;12.70;47.10;1017.60
558;2024-07-15;8.20;13.60;52.40;1002.10
559;2024-07-16;7.70;8.50;51.70;1007.50
560;2024-07-17;6.20;11.60;52.30;987.60
561;2024-07-18;10.20;12.20;50.70;999.90
562;2024-07-19;8.50;6.80;40.90;1014.80
563;2024-07-20;8.50;8.50;55.40;990.40
564;2024-07-21;14.80;9.70;51.40;1018.10
565;2024-07-22;9.10;33.20;55.80;1005.10
566;2024-07-23;11.10;9.60;56.90;990.90
567;2024-07-24;11.40;10.60;58.90;1008.40
568;2024-07-25;11.90;7.10;46.20;1017.20
569;2024-07-26;8.50;9.40;60.30;1000.40
570;2024-07-27;12.10;8.10;56.40;994.30
571;2024-07-28;12.90;7.70;55.40;1002.70
572;2024-07-29;10.20;8.70;53.60;1012.50
573;2024-07-30;8.60;10.10;57.50;1006.10
574;2024-07-31;11.50;11.50;58.30;985.70
575;2024-08-01;10.60;12.90;56.70;992.40
576;2024-08-02;10.20;12.30;70.30;997.10
577;2024-08-03;10.30;11.80;63.60;1009.10
578;2024-08-04;7.90;11.40;53.80;1026.60
579;2024-08-05;9.30;13.40;57.80;1004.30
580;2024-08-06;6.60;11.70;55.80;990.80
581;2024-08-07;8.70;8.90;63.50;1017.30
582;2024-08-08;12.70;9.60;53.40;988.90
583;2024-08-09;6.60;11.70;66.40;1005.30
584;2024-08-10;10.30;10.30;52.70;1017.10
585;2024-08-11;10.40;11.40;59.20;1008.70
586;2024-08-12;11.40;11.70;59.50;997.70
587;2024-08-13;8.60;11.80;66.30;1009.80
588;2024-08-14;11.70;11.70;45.40;997.30
589;2024-08-15;13.40;10.30;73.10;1010.20
590;2024-08-16;8.50;10.50;56.60;1014.10
591;2024-08-17;8.40;10.50;54.60;1009.20
592;2024-08-18;8.70;10.20;55.70;1003.60
593;2024-08-19;7.50;13.60;59.20;1023.40
594;2024-08-20;7.80;13.80;58.80;1000.30
595;2024-08-21;8.40;13.40;64.10;1017.80
596;2024-08-22;7.50;11.20;55.30;1005.70
597;2024-08-23;9.50;13.50;59.80;1009.90
598;2024-08-24;9.80;13.70;57.60;1022.40
599;2024-08-25;10.90;15.60;66.70;982.80
600;2024-08-26;9.70;13.60;75.40;1001.70
601;2024-08-27;8.40;11.50;60.20;1004.30
602;2024-08-28;10.60;10.50;50.10;1015.70
603;2024-08-29;9.90;10.60;59.90;987.30
604;2024-08-30;10.40;11.80;58.80;1012.80
605;2024-08-31;7.80;10.70;70.40;1006.60
606;2024-09-01;8.50;16.20;64.70;987.50
607;2024-09-02;6.60;16.10;70.90;993.70
608;2024-09-03;7.60;17.80;67.50;1011.40
609;2024-09-04;6.10;16.20;55.40;996.60
610;2024-09-05;4.40;15.90;65.10;989.40
611;2024-09-06;6.30;17.50;66.30;1007.70
612;2024-09-07;4.20;18.70;56.30;1011.20
613;2024-09-08;7.60;15.60;70.20;1007.20
614;2024-09-09;9.60;15.90;64.80;990.40
615;2024-09-10;7.50;12.60;61.70;999.50
616;2024-09-11;3.30;15.40;43.40;1005.60
617;2024-09-12;7.30;18.10;64.90;1021.80
618;2024-09-13;3.20;15.80;70.10;1023.90
619;2024-09-14;7.60;17.60;65.50;991.90
620;2024-09-15;6.20;17.80;75.40;1008.40
621;2024-09-16;7.90;15.50;56.60;1008.60
622;2024-09-17;3.20;18.90;64.40;1006.50
623;2024-09-18;7.80;11.30;56.50;1011.10
624;2024-09-19;5.90;11.30;56.70;982.90
625;2024-09-20;8.40;13.20;65.20;998.90
626;2024-09-21;10.90;15.80;67.50;1020.30
627;2024-09-22;5.50;19.50;57.10;994.80
628;2024-09-23;9.30;16.70;64.50;1024.70
629;2024-09-24;7.90;15.50;63.60;986.30
630;2024-09-25;10.80;15.40;52.10;1014.40
631;2024-09-26;8.10;14.70;64.90;1012.50
632;2024-09-27;7.70;16.90;64.70;1007.50
633;2024-09-28;6.30;18.30;67.60;998.40
634;2024-09-29;9.80;15.50;79.70;1001.30
635;2024-09-30;5.50;18.10;62.60;1005.50
636;2024-10-01;5.30;13.20;63.40;1004.10
637;2024-10-02;4.50;21.90;78.40;999.40
638;2024-10-03;6.20;22.30;56.20;999.50
639;2024-10-04;5.30;17.80;69.20;1006.80
640;2024-10-05;4.60;17.70;78.70;1019.50
641;2024-10-06;4.50;19.40;64.20;990.90
642;2024-10-07;7.40;18.80;67.80;1015.50
643;2024-10-08;4.10;22.80;59.50;978.10
644;2024-10-09;3.30;22.10;71.10;982.40
645;2024-10-10;7.90;16.80;67.80;1026.90
646;2024-10-11;3.30;17.90;69.90;1013.70
647;2024-10-12;4.10;19.30;66.10;995.30
648;2024-10-13;5.10;19.10;85.40;1004.90
649;2024-10-14;5.40;17.80;63.30;1001.30
650;2024-10-15;3.10;19.10;70.90;997.40
651;2024-10-16;9.60;19.50;84.90;1004.60
652;2024-10-17;4.80;20.50;69.70;1007.40
653;2024-10-18;6.80;22.10;56.50;1003.20
654;2024-10-19;3.20;21.60;76.50;1005.10
655;2024-10-20;5.80;19.60;72.80;1000.80
656;2024-10-21;3.70;19.10;75.10;1002.20
657;2024-10-22;6.50;20.20;76.60;1001.60
658;2024-10-23;7.50;19.10;73.80;1022.40
659;2024-10-24;5.50;20.30;74.60;1016.40
660;2024-10-25;7.30;19.10;82.10;1003.70
661;2024-10-26;6.50;19.40;66.50;1029.30
662;2024-10-27;5.90;17.60;67.50;979.20
663;2024-10-28;7.60;22.30;50.20;979.40
664;2024-10-29;9.90;21.70;73.90;1016.80
665;2024-10-30;6.80;20.30;63.10;976.20
666;2024-10-31;7.20;22.20;76.50;1006.70
667;2024-11-01;7.50;17.30;73.40;992.80
668;2024-11-02;4.80;28.10;75.40;979.40
669;2024-11-03;6.20;21.20;74.80;989.20
670;2024-11-04;5.40;23.50;65.40;994.10
671;2024-11-05;8.20;22.50;87.30;1027.30
672;2024-11-06;7.30;23.10;93.60;980.40
673;2024-11-07;5.80;25.10;87.70;1000.60
674;2024-11-08;6.30;23.60;69.80;998.70
675;2024-11-09;6.90;22.10;75.60;1025.10
676;2024-11-10;4.70;27.10;63.60;1028.70
677;2024-11-11;3.50;24.60;76.80;981.90
678;2024-11-12;3.60;24.70;68.80;1016.60
679;2024-11-13;4.20;23.10;82.70;1012.90
680;2024-11-14;5.80;23.40;77.10;1009.90
681;2024-11-15;5.80;24.70;58.20;1016.90
682;2024-11-16;5.60;26.80;60.40;1018.40
683;2024-11-17;2.60;27.10;70.50;984.10
684;2024-11-18;4.90;26.30;80.20;1026.70
685;2024-11-19;4.20;21.60;62.90;982.60
686;2024-11-20;4.40;22.10;72.40;998.80
687;2024-11-21;5.80;25.90;74.60;1014.80
688;2024-11-22;4.50;25.80;74.40;1013.60
689;2024-11-23;3.30;26.50;69.90;1012.40
690;2024-11-24;6.40;24.40;76.90;1008.30
691;2024-11-25;4.30;24.80;74.20;998.40
692;2024-11-26;4.10;22.70;66.50;991.20
693;2024-11-27;2.90;22.30;83.80;997.30
694;2024-11-28;4.70;22.90;90.30;998.50
695;2024-11-29;5.60;23.40;65.60;1006.60
696;2024-11-30;5.40;23.70;70.20;1011.60
697;2024-12-01;4.10;25.20;83.20;996.10
698;2024-12-02;2.70;30.50;76.50;1015.20
699;2024-12-03;5.50;28.90;64.10;987.20
700;2024-12-04;3.20;28.50;77.10;1014.70
701;2024-12-05;7.20;31.20;77.40;997.70
702;2024-12-06;3.20;29.20;71.70;1000.10
703;2024-12-07;4.10;27.90;87.70;1017.70
704;2024-12-08;2.10;25.30;67.30;1009.70
705;2024-12-09;5.80;30.20;62.40;1015.70
706;2024-12-10;3.60;24.80;85.40;1023.40
707;2024-12-11;2.90;29.70;72.20;1001.50
708;2024-12-12;2.80;27.60;76.50;1011.50
709;2024-12-13;3.30;29.50;89.90;1005.70
710;2024-12-14;4.70;28.40;67.90;988.40
711;2024-12-15;3.90;29.10;74.10;1009.80
712;2024-12-16;3.60;29.90;78.60;1006.90
713;2024-12-17;1.60;26.80;79.80;1012.30
714;2024-12-18;4.80;25.40;67.30;1018.70
715;2024-12-19;7.90;30.10;68.40;986.70
716;2024-12-20;5.30;29.50;76.50;1001.50
717;2024-12-21;3.30;29.90;61.60;1001.10
718;2024-12-22;5.40;27.80;70.50;1019.90
719;2024-12-23;4.90;25.40;63.60;1022.70
720;2024-12-24;6.20;29.20;82.40;989.30
721;2024-12-25;2.30;28.20;74.50;1027.70
722;2024-12-26;3.80;25.20;83.70;999.90
723;2024-12-27;3.80;28.20;64.90;1004.70
724;2024-12-28;2.90;24.80;71.60;1024.60
725;2024-12-29;5.30;29.80;74.60;987.40
726;2024-12-30;3.10;26.70;79.20;989.20
727;2024-12-31;4.90;28.60;86.60;1013.80
728;2025-01-01;6.60;28.90;80.60;1032.40
729;2025-01-02;5.10;23.60;79.80;1013.20
730;2025-01-03;6.90;28.30;62.40;981.30
731;2025-01-04;3.80;27.60;83.90;1013.20
732;2025-01-05;4.30;30.10;88.80;986.30
733;2025-01-06;3.10;27.60;77.30;1013.80
734;2025-01-07;3.50;28.10;81.10;1009.60
735;2025-01-08;4.60;28.90;72.10;1001.70
736;2025-01-09;1.20;30.60;67.50;1006.50
737;2025-01-10;6.20;26.50;75.70;1004.60
738;2025-01-11;6.30;27.20;74.10;1011.30
739;2025-01-12;0.80;28.40;88.80;1007.40
740;2025-01-13;4.80;28.50;76.50;1003.70
741;2025-01-14;3.40;30.30;85.80;1018.70
742;2025-01-15;4.60;30.70;54.50;1004.40
743;2025-01-16;5.90;27.90;80.80;1022.10
744;2025-01-17;4.50;27.10;76.90;990.70
745;2025-01-18;2.70;29.10;77.30;1002.40
746;2025-01-19;4.80;26.90;69.50;1007.40
747;2025-01-20;6.90;32.70;77.10;995.60
748;2025-01-21;4.60;26.90;68.30;1011.70
749;2025-01-22;6.60;26.40;69.20;1003.50
750;2025-01-23;5.70;27.60;79.60;993.90
751;2025-01-24;4.40;28.70;73.20;989.40
752;2025-01-25;2.10;26.50;67.20;1016.20
753;2025-01-26;4.40;27.10;78.30;1010.30
754;2025-01-27;6.20;29.80;77.10;1009.90
755;2025-01-28;2.10;30.80;85.40;992.30
756;2025-01-29;5.30;27.20;83.20;1006.50
757;2025-01-30;1.80;26.20;86.90;1012.10
758;2025-01-31;3.10;28.10;74.60;978.40
759;2025-02-01;5.20;26.40;69.60;988.40
760;2025-02-02;1.10;26.50;78.40;1002.40
761;2025-02-03;6.20;30.60;82.90;987.80
762;2025-02-04;3.10;26.30;71.40;1002.70
763;2025-02-05;2.40;29.70;76.70;1021.90
764;2025-02-06;5.10;28.60;84.60;1014.20
765;2025-02-07;4.70;25.60;80.10;1020.20
766;2025-02-08;3.30;24.60;80.70;1012.70
767;2025-02-09;2.80;24.30;88.10;1002.40
768;2025-02-10;3.20;27.40;72.50;1018.70
769;2025-02-11;5.80;27.10;84.80;1021.80
770;2025-02-12;0.40;28.10;84.10;986.40
771;2025-02-13;6.60;24.30;72.10;994.10
772;2025-02-14;3.90;29.80;71.60;1002.70
773;2025-02-15;3.60;31.10;74.80;1007.80
774;2025-02-16;2.10;26.40;71.90;1007.40
775;2025-02-17;1.70;26.90;89.10;1001.40
776;2025-02-18;3.20;25.10;88.50;1023.60
777;2025-02-19;4.20;27.20;86.80;992.90
778;2025-02-20;3.80;23.60;81.80;1009.80
779;2025-02-21;3.90;31.90;89.70;982.20
780;2025-02-22;2.60;28.50;82.50;1000.10
781;2025-02-23;4.30;26.20;89.30;1013.80
782;2025-02-24;4.90;29.30;69.90;1017.90
783;2025-02-25;4.80;27.30;84.70;990.90
784;2025-02-26;7.80;28.60;78.70;1002.40
785;2025-02-27;4.30;28.80;84.10;997.90
786;2025-02-28;3.80;30.20;77.30;998.20
787;2025-03-01;3.70;22.10;70.50;1025.80
788;2025-03-02;6.70;19.30;71.70;1007.50
789;2025-03-03;9.30;21.90;72.20;1008.80
790;2025-03-04;6.50;22.70;72.50;1004.90
791;2025-03-05;5.20;21.50;73.60;1004.60
792;2025-03-06;2.80;19.40;57.20;993.30
793;2025-03-07;8.60;21.30;71.90;1018.20
794;2025-03-08;3.30;20.10;60.20;1021.90
795;2025-03-09;3.90;22.90;74.10;1005.70
796;2025-03-10;3.60;22.90;66.70;1013.60
797;2025-03-11;4.50;21.70;67.80;1000.40
798;2025-03-12;7.40;23.10;71.90;1013.60
799;2025-03-13;4.50;21.80;66.80;997.70
800;2025-03-14;4.20;20.90;66.70;1013.10
801;2025-03-15;5.80;26.20;57.40;1001.70
802;2025-03-16;3.30;20.80;58.40;1002.10
803;2025-03-17;4.70;25.40;54.60;1002.60
804;2025-03-18;1.10;23.50;48.80;1009.60
805;2025-03-19;6.80;19.20;71.30;994.20
806;2025-03-20;5.40;20.60;64.80;1011.70
807;2025-03-21;8.60;21.70;59.30;991.80
808;2025-03-22;6.60;21.80;66.40;1012.60
809;2025-03-23;5.40;23.40;68.80;1021.60
810;2025-03-24;4.30;23.70;83.80;998.40
811;2025-03-25;4.90;19.80;74.30;1012.40
812;2025-03-26;6.60;22.60;69.30;1016.10
813;2025-03-27;5.60;22.50;58.50;997.40
814;2025-03-28;4.60;21.40;45.30;992.60
815;2025-03-29;6.60;17.10;69.90;1023.70
816;2025-03-30;6.10;23.40;64.10;1013.50
817;2025-03-31;4.60;23.40;46.80;1011.50
818;2025-04-01;9.20;18.10;52.90;1000.10
819;2025-04-02;8.10;16.50;61.20;990.30
820;2025-04-03;6.60;16.40;54.30;1001.40
821;2025-04-04;7.20;18.40;58.40;1009.70
822;2025-04-05;4.70;15.60;53.40;1012.40
823;2025-04-06;3.90;19.20;60.20;985.30
824;2025-04-07;6.80;15.50;52.80;1016.30
825;2025-04-08;3.70;21.70;63.60;1020.30
826;2025-04-09;4.30;18.60;56.30;996.20
827;2025-04-10;7.50;17.40;75.10;984.60
828;2025-04-11;6.70;16.40;66.90;1014.60
829;2025-04-12;4.50;13.30;58.10;997.20
830;2025-04-13;6.40;16.40;51.90;1014.30
831;2025-04-14;7.80;15.10;56.80;1006.90
832;2025-04-15;5.50;17.80;62.50;997.60
833;2025-04-16;7.40;18.70;48.50;996.70
834;2025-04-17;5.70;21.40;55.40;1007.50
835;2025-04-18;7.50;17.20;63.50;1010.80
836;2025-04-19;6.80;13.90;56.30;1002.70
837;2025-04-20;3.20;20.60;52.70;1019.40
838;2025-04-21;5.20;14.60;55.50;1027.90
839;2025-04-22;4.50;18.80;62.10;1014.40
840;2025-04-23;4.80;17.30;66.50;986.60
841;2025-04-24;6.80;18.50;58.60;992.70
842;2025-04-25;6.70;19.80;57.60;985.60
843;2025-04-26;6.40;18.60;55.70;1005.80
844;2025-04-27;5.30;18.60;69.90;1000.80
845;2025-04-28;8.70;22.20;70.20;1014.80
846;2025-04-29;5.20;16.90;55.10;1006.80
847;2025-04-30;5.60;18.50;57.50;1014.60
848;2025-05-01;6.40;17.80;43.90;1006.40
849;2025-05-02;8.90;13.70;43.80;1027.80
850;2025-05-03;7.10;17.60;48.90;1015.40
851;2025-05-04;6.80;10.90;41.90;1013.20
852;2025-05-05;8.40;17.50;60.50;1010.90
853;2025-05-06;7.50;15.40;49.10;1024.90
854;2025-05-07;8.10;14.10;63.30;1005.80
855;2025-05-08;7.40;17.30;53.40;1021.10
856;2025-05-09;7.80;14.90;58.40;1003.50
857;2025-05-10;5.50;15.70;53.70;992.60
858;2025-05-11;5.80;17.80;61.40;1001.20
859;2025-05-12;3.10;17.90;47.70;1003.80
860;2025-05-13;4.50;16.90;49.10;996.10
861;2025-05-14;5.10;14.70;54.30;997.70
862;2025-05-15;5.30;18.40;62.30;1006.50
863;2025-05-16;4.50;16.70;62.90;1015.50
864;2025-05-17;7.90;9.50;61.30;966.10
865;2025-05-18;4.70;15.60;48.50;992.70
866;2025-05-19;6.70;18.80;60.30;999.10
867;2025-05-20;5.10;17.60;43.20;982.40
868;2025-05-21;8.80;15.80;46.60;1008.80
869;2025-05-22;5.70;12.50;57.70;1012.10
870;2025-05-23;7.30;13.10;51.20;988.10
871;2025-05-24;8.20;17.30;53.10;1005.80
872;2025-05-25;4.50;11.90;51.70;1009.50
873;2025-05-26;8.20;15.10;60.40;986.20
874;2025-05-27;8.80;13.90;57.40;1013.80
875;2025-05-28;7.50;21.20;53.90;1021.20
876;2025-05-29;6.60;14.30;60.40;994.90
877;2025-05-30;6.30;13.70;49.60;1022.80
878;2025-05-31;5.10;15.10;55.60;1013.70
879;2025-06-01;7.60;8.60;53.40;996.20
880;2025-06-02;9.40;10.70;62.40;989.60
881;2025-06-03;9.60;12.90;31.40;999.40
882;2025-06-04;8.10;16.40;48.20;994.20
883;2025-06-05;5.70;10.60;52.90;1030.90
884;2025-06-06;7.60;7.50;51.40;1019.30
885;2025-06-07;6.70;13.70;43.30;1000.40
886;2025-06-08;8.30;14.10;47.80;1011.30
887;2025-06-09;8.90;11.60;50.30;1013.80
888;2025-06-10;8.60;11.50;43.80;1013.20
889;2025-06-11;9.80;8.30;49.60;977.80
890;2025-06-12;12.40;10.50;41.70;1009.80
891;2025-06-13;9.90;12.80;51.80;1006.10
892;2025-06-14;9.60;10.50;46.50;1004.80
893;2025-06-15;10.30;6.70;48.50;1018.10
894;2025-06-16;7.40;11.60;29.60;981.50
895;2025-06-17;9.30;13.10;54.50;1031.40
896;2025-06-18;7.20;9.90;58.60;1009.50
897;2025-06-19;7.70;11.30;61.40;1041.90
898;2025-06-20;6.40;9.40;50.80;994.90
899;2025-06-21;6.20;13.60;40.50;990.40
900;2025-06-22;5.20;8.20;46.60;1006.20
901;2025-06-23;10.70;12.40;44.60;999.80
902;2025-06-24;9.40;11.30;45.90;999.80
903;2025-06-25;7.10;13.30;45.80;997.50
904;2025-06-26;10.70;13.60;56.60;1014.30
905;2025-06-27;6.40;12.80;56.70;999.10
906;2025-06-28;8.90;12.90;38.50;1011.90
907;2025-06-29;8.50;9.10;52.30;999.40
908;2025-06-30;6.50;8.60;35.30;1007.90
909;2025-07-01;11.10;10.40;54.20;1032.40
910;2025-07-02;9.10;14.10;59.70;1009.20
911;2025-07-03;10.20;12.40;42.30;1003.20
912;2025-07-04;7.30;5.50;64.50;993.50
913;2025-07-05;12.10;7.80;45.10;999.80
914;2025-07-06;9.60;11.20;49.20;1025.20
915;2025-07-07;7.20;10.30;50.10;1012.70
916;2025-07-08;10.40;6.50;54.90;982.70
917;2025-07-09;10.80;8.40;62.50;995.30
918;2025-07-10;8.80;7.70;50.80;1002.80
919;2025-07-11;9.30;13.20;51.50;998.80
920;2025-07-12;9.10;11.20;72.20;1006.60
921;2025-07-13;7.30;11.90;57.90;1016.40
922;2025-07-14;6.30;11.80;56.20;989.60
923;2025-07-15;10.30;10.60;54.60;1022.40
924;2025-07-16;8.10;10.60;50.10;1006.70
925;2025-07-17;11.70;10.60;47.60;999.60
926;2025-07-18;12.80;13.10;53.10;1010.20
927;2025-07-19;10.10;9.60;58.50;1008.80
928;2025-07-20;10.70;13.10;46.40;1016.30
929;2025-07-21;9.70;13.60;67.20;1025.40
930;2025-07-22;12.20;12.80;59.10;1020.70
931;2025-07-23;11.20;12.40;53.30;1002.90
932;2025-07-24;13.30;13.10;49.60;1008.60
933;2025-07-25;9.30;11.30;44.30;989.30
934;2025-07-26;13.90;8.80;54.70;1007.30
935;2025-07-27;10.80;6.70;64.50;987.30
936;2025-07-28;8.60;10.80;62.30;989.40
937;2025-07-29;8.20;8.20;63.80;1000.70
938;2025-07-30;10.60;10.70;57.70;1010.30
939;2025-07-31;9.80;11.20;71.50;999.60
940;2025-08-01;9.70;18.30;72.20;1024.90
941;2025-08-02;6.40;13.60;56.90;997.30
942;2025-08-03;9.70;13.40;73.40;1018.90
943;2025-08-04;9.30;15.90;56.60;1015.60
944;2025-08-05;5.40;14.90;66.80;1003.50
945;2025-08-06;10.80;13.60;62.20;1020.80
946;2025-08-07;6.30;14.50;51.60;1002.50
947;2025-08-08;10.50;12.90;69.10;996.20
948;2025-08-09;7.30;11.60;58.40;1003.10
949;2025-08-10;11.70;11.70;74.80;1018.30
950;2025-08-11;11.50;13.30;45.20;1020.10
951;2025-08-12;9.20;14.50;58.90;1014.20
952;2025-08-13;9.60;11.90;57.90;1004.30
953;2025-08-14;7.90;13.50;55.70;998.70
954;2025-08-15;9.20;14.90;47.50;984.70
955;2025-08-16;8.60;8.60;71.40;1006.20
956;2025-08-17;9.90;11.20;52.20;1010.30
957;2025-08-18;10.80;14.20;59.90;1007.10
958;2025-08-19;8.90;12.40;67.20;988.30
959;2025-08-20;6.50;11.50;70.80;998.70
960;2025-08-21;9.20;12.80;65.80;1013.50
961;2025-08-22;7.10;11.50;52.60;1015.70
962;2025-08-23;7.70;10.30;66.80;1003.90
963;2025-08-24;7.70;13.90;65.30;1010.20
964;2025-08-25;8.10;15.50;54.40;1022.40
965;2025-08-26;10.50;9.60;64.40;1022.40
966;2025-08-27;11.30;10.30;55.40;1008.10
967;2025-08-28;13.80;14.90;52.40;965.90
968;2025-08-29;9.60;12.90;58.70;981.50
969;2025-08-30;8.60;11.90;69.20;1012.30
970;2025-08-31;7.40;11.60;55.20;1008.60
971;2025-09-01;5.40;16.50;58.30;994.90
972;2025-09-02;8.50;17.70;53.10;1008.60
973;2025-09-03;5.70;16.90;60.10;1002.80
974;2025-09-04;8.30;16.20;66.80;980.30
975;2025-09-05;7.70;14.70;69.60;1033.90
976;2025-09-06;6.90;16.20;67.10;1003.40
977;2025-09-07;5.90;20.60;56.40;982.60
978;2025-09-08;8.10;13.60;71.20;999.20
979;2025-09-09;7.30;17.50;71.30;1019.50
980;2025-09-10;4.70;14.50;69.10;1009.50
981;2025-09-11;6.90;17.70;64.50;1011.90
982;2025-09-12;7.80;20.30;61.60;993.30
983;2025-09-13;7.70;13.80;81.10;1013.80
984;2025-09-14;4.20;15.40;51.20;1005.20
985;2025-09-15;10.60;17.30;74.80;1013.40
986;2025-09-16;5.90;19.10;63.60;998.60
987;2025-09-17;5.50;13.60;70.80;1007.20
988;2025-09-18;5.20;11.50;67.40;1010.50
989;2025-09-19;3.70;20.70;66.20;974.10
990;2025-09-20;6.20;19.30;67.60;1007.50
991;2025-09-21;5.10;20.80;50.50;1023.70
992;2025-09-22;9.40;16.80;63.90;984.60
993;2025-09-23;8.50;18.60;64.20;995.50
994;2025-09-24;9.70;17.70;64.10;1020.60
995;2025-09-25;8.50;17.10;60.60;1016.40
996;2025-09-26;8.70;18.50;63.20;1011.70
997;2025-09-27;8.10;16.60;62.40;985.10
998;2025-09-28;6.80;16.10;64.60;1035.10
999;2025-09-29;6.60;16.20;60.70;1002.10
1000;2025-09-30;7.70;14.70;60.90;1017.80
1001;2025-10-01;5.40;16.20;80.70;1001.60
1002;2025-10-02;5.90;20.20;81.40;994.70
1003;2025-10-03;9.80;20.70;69.40;1002.10
1004;2025-10-04;8.40;20.90;59.20;992.30
1005;2025-10-05;8.60;22.10;84.80;1006.20
1006;2025-10-06;8.80;20.40;73.70;1008.40
1007;2025-10-07;6.10;21.40;63.70;999.10
1008;2025-10-08;4.50;18.80;75.50;990.60
1009;2025-10-09;5.40;19.10;70.70;1000.10
1010;2025-10-10;5.60;20.10;64.20;991.20
1011;2025-10-11;4.30;18.20;67.60;990.80
1012;2025-10-12;7.80;21.10;64.60;990.60
1013;2025-10-13;8.30;21.70;62.40;992.60
1014;2025-10-14;7.40;17.40;84.20;1000.80
1015;2025-10-15;7.60;19.50;75.90;1005.80
1016;2025-10-16;5.20;18.20;65.60;1013.70
1017;2025-10-17;5.70;16.80;75.80;991.70
1018;2025-10-18;8.20;19.60;69.50;987.60
1019;2025-10-19;5.60;22.90;70.30;1003.80
1020;2025-10-20;3.70;23.40;68.30;1000.60
1021;2025-10-21;7.30;17.10;74.30;1007.80
1022;2025-10-22;7.50;17.50;76.50;1000.40
1023;2025-10-23;5.90;21.50;74.40;1008.50
1024;2025-10-24;4.20;23.10;74.60;1015.40
1025;2025-10-25;8.20;21.60;58.10;996.50
1026;2025-10-26;4.60;20.90;74.60;993.70
1027;2025-10-27;6.50;19.50;65.10;1013.30
1028;2025-10-28;3.50;20.20;72.10;1014.40
1029;2025-10-29;6.70;20.40;75.50;1012.40
1030;2025-10-30;7.10;22.30;67.70;986.60
1031;2025-10-31;3.70;21.40;81.20;995.50
1032;2025-11-01;4.50;25.40;69.80;1018.70
1033;2025-11-02;3.50;21.50;80.50;989.50
1034;2025-11-03;5.90;23.90;63.50;989.20
1035;2025-11-04;6.10;22.40;86.80;987.40
1036;2025-11-05;6.50;25.60;71.40;1007.40
1037;2025-11-06;3.20;26.30;74.80;1007.40
1038;2025-11-07;3.40;18.50;70.40;1014.90
1039;2025-11-08;5.80;24.90;75.50;999.50
1040;2025-11-09;4.50;25.90;67.50;1016.10
1041;2025-11-10;6.50;27.30;87.90;995.30
1042;2025-11-11;6.80;22.80;87.60;1001.40
1043;2025-11-12;3.50;24.50;67.60;992.60
1044;2025-11-13;4.60;22.80;75.40;1015.30
1045;2025-11-14;9.10;24.80;81.50;1000.90
1046;2025-11-15;6.40;26.90;71.20;994.40
1047;2025-11-16;6.80;21.20;76.90;993.30
1048;2025-11-17;6.20;23.20;93.30;1003.80
1049;2025-11-18;4.70;23.80;93.30;1008.80
1050;2025-11-19;6.80;24.50;77.70;1018.60
1051;2025-11-20;3.30;23.30;61.10;986.60
1052;2025-11-21;3.20;21.20;85.20;995.20
1053;2025-11-22;4.70;25.10;66.40;1000.70
1054;2025-11-23;4.10;26.10;81.30;988.70
1055;2025-11-24;5.10;27.10;69.30;1010.30
1056;2025-11-25;3.50;23.30;77.20;1003.30
1057;2025-11-26;6.30;22.40;59.30;1026.10
1058;2025-11-27;3.90;21.90;69.80;1001.60
1059;2025-11-28;5.80;26.10;81.50;986.70
1060;2025-11-29;5.80;28.70;83.40;1003.50
1061;2025-11-30;2.70;24.30;70.10;1008.20
1062;2025-12-01;2.60;28.80;90.40;1005.30
1063;2025-12-02;1.10;27.80;67.30;1012.70
1064;2025-12-03;3.10;29.40;77.40;982.80
1065;2025-12-04;4.40;31.70;73.90;1002.30
1066;2025-12-05;2.60;27.10;76.20;983.20
1067;2025-12-06;3.70;28.60;73.20;997.90
1068;2025-12-07;3.90;28.80;73.80;993.40
1069;2025-12-08;4.50;30.40;78.30;1014.70
1070;2025-12-09;3.10;27.70;74.20;1010.90
1071;2025-12-10;4.60;29.70;75.30;1013.50
1072;2025-12-11;5.60;26.50;74.80;1005.90
1073;2025-12-12;1.20;26.80;80.30;993.90
1074;2025-12-13;1.40;28.70;71.10;1013.80
1075;2025-12-14;4.20;26.40;76.10;1020.60
1076;2025-12-15;1.80;29.90;74.70;1024.80
1077;2025-12-16;3.40;30.10;65.90;1024.90
1078;2025-12-17;6.40;27.80;68.20;991.20
1079;2025-12-18;4.60;27.10;72.10;995.70
1080;2025-12-19;5.20;26.10;80.30;1002.70
1081;2025-12-20;4.50;23.80;75.60;1015.10
1082;2025-12-21;1.20;28.80;75.30;1006.80
1083;2025-12-22;3.50;25.40;78.30;1022.50
1084;2025-12-23;4.10;27.80;84.40;993.40
1085;2025-12-24;1.90;28.10;68.80;982.70
1086;2025-12-25;6.40;24.90;87.80;984.40
1087;2025-12-26;4.70;28.70;71.60;1010.80
1088;2025-12-27;4.10;28.60;70.50;1013.10
1089;2025-12-28;1.60;27.90;76.40;990.30
1090;2025-12-29;3.80;24.70;80.80;1004.10
1091;2025-12-30;4.70;29.40;75.40;992.20
1092;2025-12-31;2.60;26.20;90.60;1016.10
